{"cameraMode":{"drawMode":0,"name":"Shaded","section":"Shading Mode"},"sceneLighting":true,"audioPlay":false,"sceneViewState":{"m_AlwaysRefresh":false,"showFog":true,"showSkybox":true,"showFlares":true,"showImageEffects":true,"showParticleSystems":true,"showVisualEffectGraphs":true,"m_FxEnabled":true},"in2DMode":false,"pivot":{"x":-35.524925231933597,"y":13.807499885559082,"z":-218.8789520263672},"rotation":{"x":-0.07713043689727783,"y":0.7995448112487793,"z":-0.10518889129161835,"w":-0.5862718820571899},"size":193.88568115234376,"orthographic":false}