{"cameraMode":{"drawMode":0,"name":"Shaded","section":"Shading Mode"},"sceneLighting":false,"audioPlay":false,"sceneViewState":{"m_AlwaysRefresh":false,"showFog":true,"showSkybox":false,"showFlares":true,"showImageEffects":true,"showParticleSystems":true,"showVisualEffectGraphs":true,"m_FxEnabled":true},"in2DMode":false,"pivot":{"x":187.69705200195313,"y":12.557084083557129,"z":83.71806335449219},"rotation":{"x":-0.1405734270811081,"y":0.2501406967639923,"z":-0.036733560264110568,"w":-0.9572461843490601},"size":16.028888702392579,"orthographic":false}